{"cameraMode":{"drawMode":0,"name":"Shaded","section":"Shading Mode"},"sceneLighting":true,"audioPlay":false,"sceneViewState":{"showFog":true,"showMaterialUpdate":false,"showSkybox":true,"showFlares":true,"showImageEffects":true,"showParticleSystems":true},"in2DMode":false,"pivot":{"x":11.3804349899292,"y":-4.547553062438965,"z":4.526734352111816},"rotation":{"x":0.2232975959777832,"y":-0.030704228207468988,"z":0.007036766968667507,"w":0.9742425084114075},"size":20.22369956970215,"orthographic":false}